<?xml version="1.0" encoding="UTF-8"?>
<!DOCTYPE mapper
PUBLIC "-//mybatis.org//DTD Mapper 3.0//EN"
"http://mybatis.org/dtd/mybatis-3-mapper.dtd">

<mapper namespace="borrowme.mapper">
  <insert id="insertRegister" parameterType="MemberDto">
    insert into member
    values (#{memMail}, #{memPw}, #{memName}, #{memBirth}, #{memGen}, #{memHp}, #{memAddr}, default) 
  </insert>
  
  <select id="login" parameterType="map" resultType="MemberDto">
    select * from member where memMail = #{memMail} and memPw = #{memPw}
  </select>
  
  <select id="checkMail" parameterType="String" resultType="String">
    select * from member where memMail = #{memMail}
  </select>
  
  <select id="checkPw" parameterType="map" resultType="String">
    select * from member where memMail = #{memMail} and memPw = #{memPw}
  </select>
  
  <select id="login_find_id" parameterType="map" resultType="MemberDto">
    select * from member where memName = #{memName} and memBirth = #{memBirth}
  </select>
  
  <select id="login_find_pw" parameterType="map" resultType="MemberDto">
    select * from member where memMail = #{memMail} and memName = #{memName} and memBirth = #{memBirth}
  </select>
	
  <update id="reset_pwd" parameterType="map">
  	update member set memPw = #{memPwd} where memMail = #{memMail}
  </update>
  
  <select id="userDetail" parameterType="String" resultType="MemberDto">
    select * from member where memMail = #{memMail}
  </select>
  
  <update id="userModify" parameterType="MemberDto">
    update member set memPw = #{memPw}, memHp = #{memHp}, memAddr = #{memAddr} where memMail = #{memMail}
  </update>
  
  <delete id="deleteMember" parameterType="String">
    delete from member where memMail = #{memMail}
  </delete>
	
  
</mapper>
