<?xml version="1.0" encoding="UTF-8"?>
<!DOCTYPE mapper
PUBLIC "-//mybatis.org//DTD Mapper 3.0//EN"
"http://mybatis.org/dtd/mybatis-3-mapper.dtd">

<mapper namespace="borrowme.mapper">
  <select id="selectAllLendList" parameterType="String"
    resultType="ProductDto">
    <![CDATA[
	SELECT A.PRONUM, A.PRONAME, A.PROCOST, A.PRODATE, B.ITEFILE
	FROM PRODUCT A, ITEMIMG B
	WHERE A.PRONUM = B.PRONUM AND MEMMAIL = #{memMail}
	order by prodate asc    ]]>
  </select>

  <select id="selectOneByProNum" parameterType="String" resultType="ProductDto">
    <![CDATA[
      select * from product where proNum = #{proNum}
    ]]>
  </select>

  <insert id="insertProductClosort" parameterType="ProductDto">
    insert into product
    values
    (#{proNum},#{proName},#{proDetail},default,#{proSort},
    #{proCost},
    default , default, default, #{memMail},
    #{cloSort},null,null,null,null)
    <selectKey keyProperty="proNum" resultType="String" order="BEFORE">
      select proseq.nextval from dual
    </selectKey>
  </insert>

  <insert id="insertProductKidsort" parameterType="ProductDto">
    insert into product
    values
    (#{proNum},#{proName},#{proDetail},default,#{proSort},
    #{proCost},
    default , default, default, #{memMail},
    null,#{kidSort},null,null,null)
    <selectKey keyProperty="proNum" resultType="String" order="BEFORE">
      select proseq.nextval from dual
    </selectKey>
  </insert>

  <insert id="insertProductItSort" parameterType="ProductDto">
    insert into product
    values
    (#{proNum},#{proName},#{proDetail},default,#{proSort},
    #{proCost},
    default , default, default, #{memMail},
    null,null,#{itSort},null,null)
    <selectKey keyProperty="proNum" resultType="String" order="BEFORE">
      select proseq.nextval from dual
    </selectKey>
  </insert>

  <insert id="insertProductSposort" parameterType="ProductDto">
    insert into product
    values
    (#{proNum},#{proName},#{proDetail},default,#{proSort},
    #{proCost},
    default , default, default, #{memMail},
    null,null,null,#{spoSort},null)
    <selectKey keyProperty="proNum" resultType="String" order="BEFORE">
      select proseq.nextval from dual
    </selectKey>
  </insert>

  <insert id="insertProductHobsort" parameterType="ProductDto">
    insert into product
    values
    (#{proNum},#{proName},#{proDetail},default,#{proSort},
    #{proCost},
    default , default, default, #{memMail},
    null,null,null,null,#{hobSort})
    <selectKey keyProperty="proNum" resultType="String" order="BEFORE">
      select proseq.nextval from dual
    </selectKey>
  </insert>

  <select id="selectProductNum" parameterType="String"
    resultType="String">
    SELECT PRONUM FROM (SELECT PRONUM FROM PRODUCT WHERE
    MEMMAIL = #{memMail}
    ORDER BY PRODATE DESC) WHERE ROWNUM = 1
  </select>

  <insert id="insertLocation" parameterType="LocationDto">
    INSERT INTO LOCATION
    VALUES (#{proNum}, #{offNum}, DEFAULT, DEFAULT)
  </insert>

  <insert id="insertItemImg" parameterType="ItemImgDto">
    insert into ItemImg
    values(#{proNum}, #{iteIdx}, #{iteFile})
  </insert>

  <select id="locFind" parameterType="String" resultType="LocDto">
	<![CDATA[ 
	SELECT B.OFFNAME ,A.LOCARRIVAL
	FROM OFFICE B, LOCATION A 
	WHERE A.OFFNUM = B.OFFNUM AND A.PRONUM = #{proNum}
	 ORDER BY LOCARRIVAL ASC
	  ]]>
	</select>
	
	<select id = "borrowList" parameterType = "map" resultType = "BorrowDto">
	<![CDATA[ 
SELECT A.PRONUM , A.PRONAME , B.ORDSTART , B.ORDEND , A.MEMMAIL , D.ITEFILE
FROM PRODUCT A, JUMUN B, (SELECT J.PRONUM, C.ITEFILE FROM ITEMIMG C, JUMUN J WHERE C.PRONUM = J.PRONUM AND ITEIDX = 1) D
WHERE A.PRONUM = B.PRONUM AND D.PRONUM = B.PRONUM AND B.MEMMAIL = #{memMail}

	  ]]>
	</select>
	
	<select id = "thumbNail" parameterType = "map" resultType = "ThumbNailDto">
	<![CDATA[ 
	SELECT A.ITEFILE FROM ITEMIMG A, PRODUCT B
	 WHERE A.PRONUM = B.PRONUM AND A.ITEIDX = 1 AND A.PRONUM = #{proNum}
	  ]]>
	</select>

  <select id="categoryOneByMenu" parameterType="String"
    resultType="ProductDto">
    select * from product a, itemimg b
	where a.pronum = b.pronum and proSort = #{proSort} 
  </select>

  <select id="categoryOneByOption" parameterType="map"
    resultType="ProductDto">
    select * from product a, itemimg b
	where a.pronum = b.pronum and prosort = #{menu}
    <if test="sortOption != null">
      and closort = #{sortOption} or kidsort = #{sortOption}
      or itsort = #{sortOption} or sposort = #{sortOption} or hobsort =
      #{sortOption}
    </if>
  </select>
  
  <select id="cartList" parameterType="String" resultType="CartDto">
	<![CDATA[
		select *
		from product a, itemimg b
		where a.proNum = b.proNum and a.proNum = #{choice}
	]]> 
  </select>
  
  <select id="selectProductMainList" parameterType="int"
    resultType="MainListDto">
      <![CDATA[
        SELECT A.PRONUM, A.PRONAME, A.PROCOST, B.ITEFILE
		FROM (SELECT PRONUM, PRONAME, PROCOST FROM PRODUCT ORDER BY PRODATE DESC) A, ITEMIMG B
		WHERE A.PRONUM = B.PRONUM AND ROWNUM < #{mainNum}

      ]]>
  </select>
	
<!-- 	<select id="showProductList" parameterType="String" resultType="CartListDto">
		<![CDATA[
			select * from product a, itemimg b
			where a.pronum = b.pronum and pronum = #{proNum}
			
			
		]]>
	</select> -->

</mapper>

