<?xml version="1.0" encoding="UTF-8"?>
<!DOCTYPE mapper
PUBLIC "-//mybatis.org//DTD Mapper 3.0//EN"
"http://mybatis.org/dtd/mybatis-3-mapper.dtd">

<mapper namespace="borrowme.mapper">
  <select id="selectOneByCharage" parameterType="String" resultType="MemberDto">
    <![CDATA[
      select memMail, memPoint from member where memMail = #{memMail}
    ]]>
  </select>
  
  <insert id="insertPoint" parameterType="PointDto">
    <![CDATA[
      insert into point values(#{memMail}, sysdate, #{poiPoint}, #{poiSort})
    ]]>
  </insert>
  
  <update id="updateTotalPoint" parameterType="PointDto">
    <![CDATA[
      update member set memPoint = #{poiPoint} where memMail = #{memMail}
    ]]>
  </update>
  
  <select id="selectTotalPoint" parameterType="String" resultType="int">
    <![CDATA[
      select memPoint from member where memMail = #{memMail}
    ]]>
  </select>
</mapper>