<?xml version="1.0" encoding="UTF-8" ?>
<!DOCTYPE configuration  PUBLIC "-//mybatis.org//DTD Config 3.0//EN"
"http://mybatis.org/dtd/mybatis-3-config.dtd">

<configuration>
  
   <!-- 외부 db연결 파일 가져오기 -->
   <properties resource="borrowme/conf/db.properties"/>
  
   
   <!--클래스들의 전체 경로와 이름에 별칭 만들기 -->
   <typeAliases>
     <typeAlias type="borrowme.dto.MemberDto" alias="MemberDto"/>
     <typeAlias type="borrowme.dto.ProductDto" alias="ProductDto"/>
     <typeAlias type="borrowme.dto.OfficeDto" alias="OfficeDto"/>
     <typeAlias type="borrowme.dto.PointDto" alias="PointDto"/>
     <typeAlias type="borrowme.dto.LocationDto" alias="LocationDto"/>
     <typeAlias type="borrowme.dto.ItemImgDto" alias="ItemImgDto"/>
     <typeAlias type="borrowme.dto.LendDto" alias="LendDto"/>    
     <typeAlias type="borrowme.dto.LocDto" alias="LocDto"/>
     <typeAlias type="borrowme.dto.BorrowDto" alias="BorrowDto"/>
     <typeAlias type="borrowme.dto.ThumbNailDto" alias="ThumbNailDto"/>
     <typeAlias type="borrowme.dto.MainListDto" alias="MainListDto"/>
     <typeAlias type="borrowme.dto.CartDto" alias="CartDto"/>
   </typeAliases>

	<environments default="development">
		<environment id="development">
			<transactionManager type="JDBC" />
			<dataSource type="POOLED">
				<property name="driver" value="${driver}" />
				<property name="url" value="${url}" />
				<property name="username" value="${username}" />
				<property name="password" value="${userpass}" />
				<property name="poolMaximumActiveConnections" value="10"/>
				<property name="poolMaximumIdleConnections" value="5"/>
			</dataSource>
		</environment>
	</environments>
	
	<!--mapper 등록 -->
	<mappers>
	  <mapper resource="borrowme/conf/mapper_member.xml"/>
      <mapper resource="borrowme/conf/mapper_product.xml"/>
      <mapper resource="borrowme/conf/mapper_office.xml"/>
      <mapper resource="borrowme/conf/mapper_point.xml"/>
      <mapper resource="borrowme/conf/mapper_borrow.xml"/>

	</mappers>
	
</configuration>






